Status,Program,Grade Percentage,Date Accepted,Type,Other
Accepted,Accounting and Financial Management,97,Accepted March 5,105,
Accepted,Accounting and Financial Management,91,March 5,101,good ecs
Accepted,Accounting and Financial Management,96.2,March 7,,
Accepted,Accounting and Financial Management,97.7,Mar 7,101,With AIF
Accepted,Accounting and Financial Management,97,March 7,101 Applicant and Student Leadership,
Accepted,Accounting and Financial Management,95.75,March 5,101,
Accepted,Accounting and Financial Management,4,March 5/2006,105,1530 SAT which is important for american school applicants
Accepted,Accounting and Financial Management,88,May 7,101,
Accepted,Accounting and Financial Management,95,3.5,101,
Accepted,Accounting and Financial Management,96,05/07/2021,101,
Accepted,Accounting and Financial Management,92,May 7,101,"Decent ECs, Strong AFMAA"
Accepted,Accounting and Financial Management,92.3,April 6,101 applicant,
Accepted,Accounting and Financial Management,93,April 6,101 applicant,
Accepted,Accounting and Financial Management,91,April 6,101 applicant,
Accepted,Accounting and Financial Management,96,April 6,101,bombed my interview
Accepted,Accounting and Financial Management,88,November 22,April 6,
Accepted,Accounting and Financial Management,94,March 7th i got it but i havent accepted it yet,101,AIF
Accepted,Accounting and Financial Management,91,May 5,101,
Accepted,Accounting and Financial Management,4,early April,101,trash AFMAA
Accepted,Accounting and Financial Management,96.4,May 11th,101,"I can‚Äôt believe it, they have reached their cap limit on students so there‚Äôs not enough space in the program. So they put me in Honours arts and business instead üò¶"
Accepted,Accounting and Financial Management,92,May 11th,101,
Accepted,Accounting and Financial Management,95,May 7,101,
Accepted,Accounting and Financial Management,91.5,May 7,101,"above avg ECs and AFMAA~ Deca Exec, Treasurer, Deca Champion"
Accepted,Accounting and Financial Management,92.8,May 7,101,sus
Accepted,Acturial Science,95+,"Feb 5th,2021",105F,
Accepted,AFM,85,2021-04-06,101,LOL HOW
Accepted,ARBUS (Honours Econ) COOP,87.6,February 12,105,No AIF
Deferred,Architectural Engineering,92.8,10/5,105D,deferred from tron
Accepted,Architectural Engineering,~94,March 29,101,
Accepted,Architectural Engineering,97,March 29,101,
Accepted,Architectural Engineering,89 (i know im confused too),March 29,101,national competitive seimming as an extracurricular
Accepted,Architectural Engineering,97,March 30,101,
Accepted,Architectural Engineering,93.6,March 26th,BC applicant,
Accepted,Architectural Engineering,94,March 29,101 applicant,
Accepted,Architectural Engineering,89,May 7,101,
Accepted,Architectural Engineering,98.45,date:March 29,101,strong AIF?
Accepted,Architectural Engineering,95,April Round,101,committed elsewhere
Accepted,Architectural Engineering,98,2021/04/28,105,
Accepted,Architectural Engineering,96.3,2021/04/28,conditional,
Accepted,Architectural Engineering,95,April 26,101,
Accepted,Architectural Engineering (GPA),4,May 10,101,
Accepted,Arts and Business,93,"May 7th, 2021",101,Highly involved with DECA Ontario as an executive and 2-time Provincial Finalist
Accepted,Arts and Business,91,February,101,
Deferred,Arts and Business,87.5,"May 11th,2021",101,deferred from afm lmao
Accepted,Arts and Science(105),94,Feb 19th 2021,,
Accepted,Arts Psychology,96,Feb 5,,(no aif)
Accepted,Arts Psychology,96,December 17,101,
Accepted,Biomedical Engineering,97.7,March 29,101,
Accepted,Biomedical Engineering,96.6,March 29,101,
Accepted,Biomedical Engineering,96,March 29,101,
Accepted,Biomedical Engineering,97,March 29,101,
Accepted,Biotech/CPA,95,May 6,101,
Accepted,BM at Waterloo and BBA at Laurier,92-93,May 11,101,
Accepted,"BMATH/BBA, FARM, Hon. Math",93.2,May 10,101,
Accepted,BME,~97.6,March 26th,105,16.6 adj
Accepted,BME,~96.4,March 29th,CEGEP app,
Accepted,BME,~95,March 29th,CEGEP 105,
Accepted,BME,98.8,May 10,105F,
Accepted,BME,99.8,March 29,101 Applicant,
Accepted,BME,93.2 (pre-adj),March 29,101,
Accepted,BME,99.96,March 29,101 app,
Accepted,BME,~95-96,March 29,101,11.6 adj
Accepted,BME,98,March 29,101,
Accepted,BME,96.8,April 20,101,applied for early decision
Accepted,BME,94,May 7 2021,101,
Accepted,BME,97.5,May 7,101,
Accepted,BME,93-94,"May 7th, 2021",101,12.5 adj
Deferred,BME,97,May 7,101,"800 hours of comp dance a year, ballet scholarship, more than 500 hours of volunteer work, my own free tutoring project, 5 math contests, worked at Walmart, Ontario finalist for swimming, several clubs and student council"
Accepted,BME,92,May 7th,101,yay
Accepted,BME,95,March 30,101,
Rejected,BME,94.5,May 13,101,
Accepted,Computer Engineering,97.7,May 7th,101,copium
Rejected,Computer Engineering,96.5,May 13,101,darn.
Rejected,Computer Engineering,96.8,"May 13, 2021",101,what??!!?? how
Rejected,Computer Engineering,93.66,May 13th,101,78 in chem omegalul. I know why fraser is hardstuck 16 adjust now
Rejected,Computer Engineering,95.2,May 13,101,:)
Rejected,Computer Engineering,96.2,May 13th,101,
Rejected,Computer Engineering,97.3,May 13th,105D,pain peko
Rejected,Computer Engineering,96.83,5/13/2021,101,
Accepted,Computer Science and Financial Management,95.33,May 10,101,got 90 on Euclid and decent EC‚Äôs
Accepted,Computer Science and Financial Management,98.2,May 12th,101,
Accepted,Computer Science and Financial Management,97.4,May 13,105F,good aif and ec
Accepted,Computer Science and Financial Management,98.6,5-10,101,solid ecs + contest scores
Accepted,Computer Science and Financial Management,98,10th May,101,
Accepted,Computer Science and Financial Management,A*,April 9,105F,"Decent ECs, 78 Euclid, 25k + 2k scholarship"
Accepted,Computer Science and Financial Management,94.5,May 10,101,
Accepted,Chemical and Physical Sciences: Physics and Astronomy,93,March 29th 2021,101,
Accepted,Chemical Engineering,90.7,May 7,101,
Accepted,Chemical Engineering,95 ish (~12.5 adj factor),March 29,101 Applicant,
Accepted,Chemical Engineering,94ish w gr11 prereqs,March 29,101,
Accepted,Chemical Engineering,93-94,March 29,101 Applicant,
Accepted,Chemical Engineering,96,March 30th,101,
Accepted,Chemical Engineering,95.2,May,101,
Accepted,Civil Engineering,93.8,March 29,101,
Accepted,Civil Engineering,94.8,March 29,101,normal adjust
Accepted,Civil Engineering,96.6,March 29,101 applicant,
Accepted,Civil Engineering,99 (with regular adjustment),March 29,101 Applicant,volunteer ballet teacher for 4 years
Accepted,Civil Engineering,93,March 29,101,88 Voluenteer Hours
Accepted,Civil Engineering,95.6(CBSE),March 30,105 India,
Accepted,Civil Engineering,97.3,March 30,101,
Accepted,Civil Engineering,97,March 29,101,
Accepted,Civil Engineering,weighted 4.01/4.5,"May 10, 2021",105F,
Accepted,Civil Engineering,93,Friday,101,
Accepted,Computer Engineering,98.5,May 7,101,copium üôè
Rejected,Computer Engineering,96.3,May 13,105D,oof
Accepted,Computer Science,98.83,10/5/21,101,
Accepted,Computer Engineering,3.90?,May 10th,105D,Transfer from Alberta (Cell Bio)
Accepted,Computer Engineering,95.66,05/07,101,
Accepted,Computer Engineering,95.4,March 29th lol,101,
Accepted,Computer Engineering,94.6,March 29,105 Applicant,
Accepted,Computer Engineering,95.4,March 29,105 Applicant,
Accepted,Computer Engineering,95,30th march,105,
Accepted,Computer Engineering,92,day before deadline,105 early decision,
Accepted,Computer Engineering,96,April 20,105 early decision,
Accepted,Computer Engineering,95,April 20,105 Requested early decision,
Accepted,Computer Engineering,94.8,May 7 2021,101,
Accepted,Computer Engineering,97,May 7th,101,adj around 12
Accepted,Computer Engineering,96,March 29,,12.7 adj
Accepted,Computer Engineering,99,March 29,101 applicant,
Accepted,Computer Engineering,97.5,March 29,101 applicant,
Accepted,Computer Engineering,95,"May 07, 2021",101,
Accepted,Computer Engineering,95,March 29,105 Alberta,
Accepted,Computer Engineering,97.8,March 29,101,
Accepted,Computer Engineering,97,March 29,101,IB
Accepted,Computer Engineering,98,May 7 2021,101,
Accepted,Computer Engineering,95,May 7,101,
Accepted,Computer Engineering,98,March 29,101,IB
Accepted,Computer Engineering,93-94ish,March 26,105 - BC applicant,
Accepted,Computer Engineering,98,March 26,BC Resident,
Accepted,Computer Engineering,99.3,March 29,101 Applicant,
Accepted,Computer Engineering,93-95,March 29th,101 applicant,
Accepted,Computer Engineering,98,March 29,101,
Accepted,Computer Engineering,98,March 29,101,
Accepted,Computer Engineering,99,March 29,101,
Accepted,Computer Engineering,94-95,March 29,101,normal adjust
Accepted,Computer Engineering,94,March 29 2021,101,12.2 adjust
Accepted,Computer Engineering,~96,March 29,101,normal adjust
Accepted,Computer Engineering,~99,Mar 29,101 Applicant,
Accepted,Computer Engineering,~96,Mar 29,101 Applicant,
Accepted,Computer Engineering,92,Mar 29,105 OOP Qc,
Accepted,Computer Engineering,96.87,March 29,101 applicant,
Accepted,Computer Engineering,top 6: 98,March 29,101,
Accepted,Computer Engineering,96.2,March 29th,101 avg adjust,
Accepted,Computer Engineering,97,March 29,101 Applicant,
Accepted,Computer Engineering,97,03/29/2021,101 Applicant,
Accepted,Computer Engineering,95.8 (CBSE),March 30,105 India,
Accepted,Computer Engineering,95ish,End of March,105,
Accepted,Computer Engineering,95,April 20,105,"CBSE (asked for early consideration, offered for alternative program)"
Accepted,Computer Engineering,IB: 43/45,20/04/2021,105,
Accepted,Computer Engineering,91,march 30th,coop,
Accepted,Computer Engineering,94,"March 29, 2021",101,
Accepted,Computer Engineering,95.3,May 7,101,
Accepted,Computer Engineering,96,May 7,101,
Accepted,Computer Engineering,94ish,"May 7, 2021",101,
Accepted,Computer Engineering,97,May 5,101,
Accepted,Computer Engineering,96.67,May 7,101,regular adjustment
Accepted,Computer Engineering,97.6,May 7,101,
Accepted,Computer Engineering,94 - 94.7 (depending on how it was calculated),"May 7, 2021",101,
Accepted,Computer Engineering,97.2 or 97.33 idk how they calculated,May 7,101,W
Accepted,Computer Engineering,97.5,May 7,101,IB
Accepted,Computer Engineering,92,March 30,105,
Accepted,Computer Engineering,93,March 29,101 Applicant,
Deferred,Computer Engineering,96.5,"7th May, 2021",101,Deferred from Software Engineering
Accepted,Computer Engineering,96.8 (from midterms),May 10,105D,NS
Accepted,Computer Engineering,96.5,Mar. 30,101,
Accepted,Computer Engineering,98,05/07/2021,101,Ontario adjustment
Accepted,Computer Engineering,94.8,30th March,105F,
Accepted,Computer Engineering,98.9,early april,105D,"CBSE,requested for early decision"
Accepted,Computer Engineering,"89-90, Math IB HL: 5",May 10,105D,
Accepted,Computer Engineering,96.8 - 97.0,"May 10, 2021",105D,"avg adjustment i think, not 100% sure tho, overall average is calculated with 5 eng subjects (g12 math, calc, g12 physics, g12 chem, g12 ela)"
Accepted,Computer Engineering,92,May 10,105D,
Accepted,Computer Engineering,96,05/07/2021,101,
Accepted,Computer Engineering,96.2,March 29,101,
Rejected,Computer Engineering,94 University and Highschool Marks Combined (Calculus and Chemistry),May 13,105D,Transfer Applicant From Manitoba
Rejected,Computer Engineering,98.5,13/5/21,101,
Accepted,Computer Engineering,97,"May 7th, 2021",101,"83 on Euclid, 30 on CCC, VEX World's Qualifier and have experience founding a Non-profit organisation."
Accepted,Computer Science,99.8,April 5,101 applicant,
Accepted,Computer Science,99,April 5,101,
Accepted,Computer Science,95,March 23,105,"$20,000 CAD scholarship"
Accepted,Computer Science,97,April 5th,101,Average Adjustment
Accepted,Computer Science,95.6,April 2,105,95.6 +2.9 for IB
Accepted,Computer Science,98,101 applicant,,
Accepted,Computer Science,96,Apr 5,101,
Accepted,Computer Science,98,April 5,101 Applicant,
Accepted,Computer Science,97,Apr 5,101,
Accepted,Computer Science,97.7,4/5/2021,,
Accepted,Computer Science,97.16,April 6th,101,FOM Scholarship Early Offer
Accepted,Computer Science,100,9 Apirl,105,
Accepted,Computer Science,97,April 6,101,
Accepted,Computer Science,99.7,April 2nd,105,AP
Accepted,Computer Science,97.2,May 10,101,good AIF submitted on deadline
Accepted,Computer Science,98,today,101,
Accepted,Computer Science,99.2,May 10,101,
Accepted,Computer Science,98,5/10/2021,101,Ontario adjustment
Accepted,Computer Science,97.8,May 10,101,
Accepted,Computer Science,97.5,May 10,101,
Accepted,Computer Science,96.8,May 10th,101,
Accepted,Computer Science,97,May 10,101,Co-op
Accepted,Computer Science,95,May 10,101,
Accepted,Computer Science,98.3,May 10,101,
Accepted,Computer Science,99,May 10,101,
Accepted,Computer Science,98.5,May 10,101,
Accepted,Computer Science,99,"May 10, 2021",101,International
Accepted,Computer Science,99,May 10th,101,
Accepted,Computer Science,97.83,May 10th,101,
Accepted,Computer Science,97.8,May 10th,101,
Accepted,Computer Science,99.5,05/10/21,101,
Accepted,Computer Science,98,May 10,101,
Accepted,Computer Science,96,May 10,101,
Accepted,Computer Science,98.5,today,101,Commited to CFM
Accepted,Computer Science,97.6,May 10,101,
Accepted,Computer Science,99,May 10,101,"IB, CCC 41, Euclid 95"
Accepted,Computer Science,97.66,May 10,101,
Accepted,Computer Science,97,"May 10, 2020",101,
Accepted,Computer Science,99,May 10,101,
Accepted,Computer Science,96.8,May 10,101,good ECs
Accepted,Computer Science,97,May 10,101,
Accepted,Computer Science,98.17,May 10,101,Good ECs
Accepted,Computer Science,99,May 10,101,
Accepted,Computer Science,96.3,5/10/21,101,Disability form
Accepted,Computer Science,98.17,May 10,101,also cool
Accepted,Computer Science,98.2,May 10,101,
Accepted,Computer Science,96.5,may 10th,101,night school english lul
Accepted,Computer Science,98.2,May 10,101,
Accepted,Computer Science,99,May 10th,101,dogshit dumpster fire ec's
Accepted,Computer Science,98.7,May 10,101,
Accepted,Computer Science,99,"May 10, 2021",101,
Accepted,Computer Science,96,5/10,101,nice
Accepted,Computer Science,96.5,May 10 2021,101,
Accepted,Computer Science,97,May 10th,101,"decent aif, good contest"
Accepted,Computer Science,98,"May 10th, 2021",101,
Accepted,Computer Science,94.6,May 10,101,
Accepted,Computer Science,98.8,"May 10th, 2021",101,
Accepted,Computer Science,99.17,"May 10, 2021",101,LETS GOOOOOO
Accepted,Computer Science,98,May 10th,101,
Accepted,Computer Science,97.33,"May. 10, 2021",101,
Accepted,Computer Science,97.3,"May 10, 2021",101,POGGIES
Accepted,Computer Science,97,May 10th,101,
Accepted,Computer Science,99,May 10th,101,daddy is collecting his bitches now
Accepted,Computer Science,97,May 10,101,
Accepted,Computer Science,96,2021-05-10,101,
Accepted,Computer Science,97,May 10,101,
Accepted,Computer Science,98.7,May 10,101,
Accepted,Computer Science,96,May 10,101,
Accepted,Computer Science,98.2,5/10,101,Normal adj.
Accepted,Computer Science,93.7,May 10,101,
Accepted,Computer Science,98.3,May 10,101,
Accepted,Computer Science,99,"May 10, 2021",101,
Accepted,Computer Science,96.5,May 10,101,
Accepted,Computer Science,98,May 10,101,
Accepted,Computer Science,97.3,05-10,101,
Accepted,Computer Science,97,May 10,101,No Euclid
Accepted,Computer Science,97.3,May 10,101,already accepted civil eng offer
Accepted,Computer Science,97.5,May10,101,"euclid 52,ccc 25"
Accepted,Computer Science,98,May 10,101,RnG is real
Accepted,Computer Science,97,5/11/21,105F,
Accepted,Computer Science,98,May 10,101,
Accepted,Computer Science,97,05/10/2021,101,
Accepted,Computer Science,98.3,May 10,101,
Accepted,Computer Science,97,May 11,101,
Accepted,Computer Science,96.8,11 May,105F,
Accepted,Computer Science,97,11 May,105F,
Accepted,Computer Science,97.5,May 10,101,
Accepted,Computer Science,98.5,May 10,101,IB
Accepted,Computer Science,98.9,May 11,105D,"CBSE, CSMC 52,Euclid 65"
Accepted,Computer Science,97,11/05/2021,105F,
Accepted,Computer Science,97.4,May 11,105F,
Accepted,Computer Science,96,May 10,101,
Accepted,Computer Science,97.2,May 10,101,
Accepted,Computer Science,98,"May 11, 2021",105D,
Accepted,Computer Science,96.5,May 11th,101,
Accepted,Computer Science,97.8,May 10th,101,
Accepted,Computer Science,97.3,2020-05-10,101,didn't know SE existed üò≥
Accepted,Computer Science,98.2,05/10,101,
Accepted,Computer Science,97.6,5/11/2021,105D,
Accepted,Computer Science,99,May 10,101,
Accepted,Computer Science,99.2,May 10,101,
Accepted,Computer Science,96.5,May 10 2021,101,
Accepted,Computer Science,97.3,2021-05-11,105D,
Accepted,Computer Science,97.17,May 10,101,
Accepted,Computer Science,100,May 11,105D,
Accepted,Computer Science,97.3,May 11,105D,no contests
Accepted,Computer Science,99.3,May 11,105D,
Accepted,Computer Science,97ish,May 12,105D,professional minecraft
Accepted,Computer Science,99.3,May 10th,101,
Deferred,Computer Science,96.33,5/13,101,deferred from CS
Accepted,Computer Science,99.4 ish,"May 10th, 2021",101,"Whole lotta ECs, mediocre contest scores, some decent awards/trophies"
Accepted,Computer Science,99.4 ish,"May 10th, 2021",101,"Whole lotta ECs, mediocre contest scores, some decent awards/trophies"
Accepted,Computer Science and Financial Management,96.5,May 10,101,
Accepted,Computer Science and Financial Management,97,05/10/2021,101,
Accepted,Computer Science and Financial Management,97.33,May. 10,101,
Accepted,Computer Science and Financial Management,95.3,May 10,101,
Accepted,Computer Science and Financial Management,97,May 10th,101,
Accepted,Computer Science and Financial Management,99,May 10th,101,
Accepted,Computer Science and Financial Management,97.83,May 10th,101,
Accepted,Computer Science and Financial Management,98.5,Today,101,Commited
Accepted,Computer Science and Financial Management,99,May 10,101,IB
Accepted,Computer Science and Financial Management,96.33,May 10,101,
Accepted,Computer Science and Financial Management,97,"May 10, 2020",101,
Accepted,Computer Science and Financial Management,96.8,May 10,101,Good ECs
Accepted,Computer Science and Financial Management,96.5,may 10th,101,night school english lul
Accepted,Computer Science and Financial Management,97.83,May 10,101,unreal
Accepted,Computer Science and Financial Management,97.6,May 10th,101,yay
Accepted,Computer Science and Financial Management,96.3,5/10/2021,101,I had a disability form to explain bad gr11 marks and private school.
Accepted,Computer Science and Financial Management,97.8,May 10,101,
Accepted,Computer Science and Financial Management,98.3,May 10,101,
Accepted,Computer Science and Financial Management,96,May 10,101,
Accepted,Computer Science,idk predicted but around 38-40/42,May 11,105F,
Deferred,Computer Science,94,5/13/2021,101,
Accepted,Computer Science/BBA,97.2,May 10,101,
Accepted,Computer Science/BBA,95.8,April 5,101,Strong ECs
Accepted,Computer Science/BBA,99,May 10,101,
Accepted,Computer Science/BBA,98.8,April 5,101,
Accepted,Computer Science/BBA,97.8,April 5,101,
Accepted,Computer Science/BBA,98,"May 10, 2021",101,
Accepted,Computer Science/BBA,99,May 10,101,
Accepted,Computer Science/BBA,97,May 10,101,Waterloo side
Accepted,Computer Science/BBA,98,April 5,101 Applicant,
Accepted,Computer Science/BBA,98,101 applicant,,
Accepted,Computer Science/BBA,97.8,May 10,101,
Accepted,Computer Science/BBA,97.66,May 10,101,
Accepted,Computer Science/BBA,98,5/10/2021,101,"Started a VEX Robotics club, Diamond in Rocket League, regular Ontario adjstument"
Accepted,Computer Science/BBA,96,May 10,101,
Accepted,Computer Science/BBA,97,April 5th,101,Average Adjustment Factor
Accepted,Computer Science/BBA,98.7,May 10,101,
Accepted,Computer Science/BBA,98.17,May 10,101,Good ECs
Accepted,Computer Science/BBA,98,10th May 2021,101,
Accepted,Computer Science/BBA,96.2,"May 10, 2021",101,Committed elsewhere
Accepted,Computer Science/BBA,91.3,05/10,101,
Accepted,Computer Science/BBA,96.2,May 10,101,
Accepted,Computer Science/BBA,96.5,May 10,101,
Accepted,Computer Science/BBA,97,05/10/2021,101,
Accepted,Computer Science/BBA,98.5,May 10,101,waterloo side
Accepted,Computer Science/BBA,97.3,May 11,105D,no contests
Accepted,Computer Science/BBA,99.3,May 11,105D,
Accepted,Computing and Financial Management,99.3,May 10th,101,
Accepted,Conputer Engineering,98.2,March 29,101,
Accepted,Computer Science,98,May 10 2021,101,poggies
Accepted,Computer Science,98.5,5/10/2021,101,ü§î
Deferred,Computer Science,95.3,May 13,101,
Deferred,Computer Science,95.8,2021-05-13,101,"Deferred to geomatics, geomatics is love, geomatics is life. Geomatics 225%!"
Accepted,Computer Science,98,May 10th,101,"Euclid 82, CCC 52"
Accepted,Computer Science,98.6,5-10,101,solid ec + contest scores
Accepted,Computer Science,98,5/10,101,
Accepted,Computer Science,99,May 10th,101,
Deferred,CS/BBA,95.33,May 12,101,for deferred to math with a 90 on Euclid and decent ec‚Äôs smh
Accepted,Computer Science/BBA,98.6,5-10,101,solid ecs + contest scores
Accepted,Computer Science/BBA,97,May 11,101,
Accepted,Electrical Engineering,90,April 20,101,
Accepted,Electrical Engineering,93.5,May 7,101,
Accepted,Electrical Engineering,96.2,March 29th,,
Accepted,Electrical Engineering,95,March 29th,101,
Accepted,Electrical Engineering,94ish,March 26,105 Applicant,
Accepted,Electrical Engineering,99.2,March 29,101,
Accepted,Electrical Engineering,94,March 29,101,15.9 adjust
Accepted,Electrical Engineering,97,March 29,101,17.9 adjust
Accepted,Electrical Engineering,96.3,March 29,101,worked at UW
Accepted,Electrical Engineering,95 ish?,March 26,105 (BC),
Accepted,Electrical Engineering,92.6-93.5,March 29,int‚Äù105 (BC),
Accepted,Electrical Engineering,96,March 29,101 Applicant,
Accepted,Electrical Engineering,95.5,March 29,101 Applicant,
Accepted,Electrical Engineering,98,April 20,105,Early consideration
Accepted,Electrical Engineering,96,May 7,101,
Accepted,Electrical Engineering,94,"March 30, 2021",101,Name: Benjamin Liu
Accepted,Electrical Engineering,93.2 cumulative avg,May 10th 2021,105D,Uni Transfer Applicant from Guelph Mech Eng
Deferred,Environmental Engineering,97,May 7,101,deferred from BME sigh
Accepted,Environmental Engineering,96 maybe? or 97,March 29th,,IB
Accepted,Environmental Engineering,94.5-95,April 20,105 int‚Äôl in AB,early consideration
Accepted,Environmental Engineering,94.5-95,Apr 20,105 Int‚Äôl in AB,sry I couldn‚Äôt log into my old acc
Accepted,Environmental Engineering,92-93 (idk),May 7,101,
Accepted,Environmental Engineering,Around 93,May 7th,101,nice
Accepted,"Environmental Science - Geoscience, Environment and Business, Planning (Honours and Co-op)",93-94,January 21st,105,
Accepted,FARM,95.3,May 10th,101,Don‚Äôt have to study anymore LETSS GOOOO
Accepted,Farm,94,05/10,101,Completed Euclid and AIF
Accepted,Geography and Aviation,92.5,May 7th,101,
Deferred,Geomatics,93.5,May 13th 2021,101,deferred from CS
Deferred,Geomatics,99,May 13,101,Deferred from CS
Deferred,Geomatics,96ish,13th May 2021,101,deferred from CS
Deferred,Geomatics,95.3,May 13,101,Deferred from CS
Deferred,Geomatics,96.5,May 13,101,Deferred from CS
Deferred,Geomatics,95,March 13,101,Deferred from CS
Deferred,Geomatics,96.5,"May 12, 2021",101,"87 euclid, 55 csmc (hr), 45 ccc, 2 national awards...shouldve cured cancer :/ Deferred from CS"
Deferred,Geomatics,97.33,"May 13, 2021",101,deferred from CS
Deferred,Geomatics,97,May 13,101,deferred from CS
Deferred,Geomatics,97.7,05/13/2021,101,Deferred from CS
Deferred,Geomatics,97,May 13,101,"Deferred from cs, time for CE"
Deferred,Geomatics,94,May 13,101,deferred from cs. spent like 30 minutes on the AIF LMAOOO
Deferred,Geomatics,98,May 13,101,Deferred from CS
Deferred,Geomatics,97.7,May 13th,101,Deferred from CS
Deferred,Geomatics,97,May 13,101,"34 CCC 41 CSMC 68 Euclid, deferred from CS"
Deferred,Geomatics,98.2,May 13th,101,Deferred from CS
Deferred,Geomatics,95.5,May 13,101,Deferred from CS
Deferred,Geomatics,95.33,May 13,101,lmao they gave me the 5k bmo scholarship & march se but with the duality of a geomatics deferral. Deferred from CS
Deferred,Geomatics,98.6,May 13,101,Deferred from CS
Deferred,Geomatics,96.7,May 13,101,Deferred from CS
Deferred,Geomatics,98.33,May 13th,101,46 CCC and strong ECs smh Deferred from Computer Science
Accepted,Geomatics,91.83,December 16th 2020,101,I purposely applied here
Deferred,Geomatics,96.5,May 13th,101,"Store manager of a franchise. Strong aif, 98.5% Avg in the maths. salty. Deferred from Computer Science."
Accepted,Geomatics (Co-op and Regular),92,"May 13th, 2021",101,
Accepted,Global Business and Digital Arts,95,December 16,,
Accepted,Global Business and Digital Arts,96,December 18,,
Accepted,Global Business and Digital Arts,94,March 3,,
Accepted,Global Business and Digital Arts,95,March 3,101,
Accepted,Global Business and Digital Arts,96,March 11th,105,
Accepted,Health Studies,94,May 7,101,wrote the AIF
Accepted,Health Studies,95+,March 22,,
Accepted,Health Studies,90,05/10/21,101,
Accepted,Honours Math Co-op,A*,April 9,105F,"Decent ECs, 78 Euclid, 25k + 2k scholarship"
Accepted,Honours Mechatronics Engineering,92.3,"May 10, 2021",101,4k + 2k scholarship if i have gud avg
Accepted,Kinesiology,92,Accepted: Feb 5,101,
Accepted,Kinesiology,92,Feb 5,,(no aif btw)
Accepted,Kinesiology,89,March 7,,wrestling team from grade 10-11.
Accepted,Kinesiology,95,March 5,105,
Accepted,Kinesiology,90,March 4,101,
Accepted,Kinesiology,92,Dec 17,101,No AIF
Accepted,Life Science,98,Dec 17,,
Accepted,Life Science,89,Dec 21,,no aif
Accepted,Life Science,93.5,Dec 17th,,
Accepted,Life Science,95.6 (IB: 40),January,,Completed AIF literally the day before i got my acceptance so idk if that counts
Accepted,Life Science,93,December 17,,
Accepted,Life Science,3.8 GPA Unweighted; 4.1 Weighted,Jan 22,105,no aif
Accepted,Life Science,92,May 6,101,
Accepted,Life Science,94,Dec 17th,,no aif
Accepted,Life Science,96,Feb 5,101,no aif
Accepted,Life Science,IB 36 (85 - 90%),January 29,,no aif
Accepted,Life Science,92,December 17,,"(ENG4U: 80%, ENG3U: 88%, SBI4U: 94%, SBI3U: 95%, SPH3U: 99%, SCH3U: 91%, MCR3U: 90%, 3M Music: 93%, 3M Accounting: 93%)"
Accepted,Life Science,97,March 4,101,
Accepted,Management Engineering,97.8,"April 15, 2021",105,
Accepted,Management Engineering,94,March 29,101,
Accepted,Management Engineering,94,March 29,101 Applicant,
Accepted,Management Engineering,91.3,March 29,101,
Accepted,Management Engineering,97.2,March 29,101 Applicant,
Accepted,Management Engineering,94,March 29,101 Applicant,
Accepted,Management Engineering,96.7,May 7,101,IB
Accepted,Management Engineering,~98,March 29,101,
Rejected,Management Engineering,92.8,May 13,101,"14.1 last year adjustment, below par ECs"
Accepted,Mathematics,96.17,May 10th,101,
Accepted,Mathematics,91,May 11,105D,cegep
Accepted,Mathematics,93.8,10/5,105D,
Deferred,Mathematics (regular),A*A*A*,13th May,105D,deferred from CS
Deferred,Mathematics (regular),98.8,May 12,101,"below average aif & interview, deferred from cs"
Deferred,Mathematics (regular),94.8,May 13,105F,Deferred from CS co-op
Accepted,Mathematics,95,May 11th,101,
Accepted,Mathematics,95.5,May 10,101,
Accepted,Mathematics,97.7,May 10th,101,
Accepted,Mathematics,98.33,May 13th,101,46 CCC Strong ECs smh
Accepted,Mathematics,98.6,May 10,101,
Accepted,Mathematics,94.5,05/10,101,
Accepted,Mathematics,41 (39/42) IB,May 13,105F,
Deferred,Mathematics (regular),95.8,May 13,105F,Deferred from CS co-op
Accepted,Math/BBA,CBSE(89-92),May 11,105F,
Accepted,Math/BBA,96,May 10,101,
Accepted,Math/BBA,95,May 10,101,100 in Calc
Accepted,Math/BBA,97,May 10 2021,101,
Accepted,Math/Business ITM CO-OP,95.1,May 10th,101,Pretty Solid AIF
Accepted,Math/CPA,99,May 10,101,
Accepted,Mathematical Physics - Math department,99,Feb 6th 2021,,
Accepted,Mathematics,92.8 or 91.7 with penalty applied,may 10th,101,
Accepted,Mathematics,96,10 May 2021,101,
Accepted,Mathematics,92.7,May 10,101,
Accepted,Mathematics,94,May 11th,101,
Accepted,Mathematics,98,March 9,,
Accepted,Mathematics,97 i think,March 9,101,idk what to put here
Accepted,Mathematics,94,May 10,101,
Accepted,Mathematics,95,5/10/2021,101,calculator go beep boop
Accepted,Mathematics,95,May 10th,101,
Accepted,Mathematics,97,May 10,101,
Accepted,Mathematics,95.3,May 10,101,
Accepted,Mathematics,97,"May 10, 2020",101,
Accepted,Mathematics,96.3,May 10th,101,
Accepted,Mathematics,96,May 10,101,
Accepted,Mathematics,96,May 10,101,
Accepted,Mathematics,93.17,May 10,101,
Accepted,Mathematics,96,5/10,101,ecin
Accepted,Mathematics,97.2,May 10th,101,:)))
Accepted,Mathematics,95.8,May 10th,101,
Accepted,Mathematics,93,May 10,101,
Accepted,Mathematics,96.2,May 10th,101,
Accepted,Mathematics,96,May 10th,101,FINALLY POG
Accepted,Mathematics,92,May 5th,101,
Accepted,Mathematics,95.3,May 10,101,yes
Accepted,Mathematics,94.83,May 10,101,
Accepted,Mathematics,94,5.1,101,
Accepted,Mathematics,95,April 6??? idk im confused too,No Co-op,ya so first round was supposed to firmly close march 31 and second round starts like may or smth from what I remember. So not sure why I got mine apr 6th. Can't complain tho. I might just be missing smth.
Accepted,Mathematics,97,March 9,101 Applicant,
Accepted,Mathematics,100,March 9th,,
Accepted,Mathematics,99,March 9,,
Accepted,Mathematics,96,March 9,,
Accepted,Mathematics,97,March 9,,
Accepted,Mathematics,96,March 9,,
Accepted,Mathematics,95.4,February 25th,105,Domestic
Accepted,Mathematics,something 95+,accepted March 19,105 applicant,
Accepted,Mathematics,96.3,March 9,,
Accepted,Mathematics,97,March 9 but not accepted,101,IB
Accepted,Mathematics,98.4,May 3,105D,
Accepted,Mathematics,97,April 30,105 ab,"taking both calc and precalc (functions) at the same time rn so no early decision :,)"
Accepted,Mathematics,94,March,,
Accepted,Mathematics,93/94.5,Feb 6th 2021,105,"Life Science Co-op , Accepted: Jan 15th"
Accepted,Mathematics,100,Febuary 6,,
Accepted,Mathematics,96,"May 10, 2021",101,
Accepted,Mathematics,96.4,May 10,101,
Accepted,Mathematics,99.3,05/11/2021,105D,
Accepted,Mathematics,97,May 10,101,"72 Euclid, 39csmc"
Accepted,Mathematics,96.25,May 10,101,
Accepted,Mathematics,92.8,May 10,101,based
Accepted,Mathematics,91.5,May 10 2021,101,
Accepted,Mathematics,94.5,11/05/21,101,Co-op Thank God I got in!
Deferred,Mathematics (regular),95.4,13 May 2021,105F,Deferred from computer science atleast I am accepted to Comp Eng lol
Deferred,Mathematics (regular),98.17,May 12,101,Euclid 95. Decent AIF. Ontario Visa Student. Deferred from Computer Science
Deferred,Mathematics (regular),96.17,May 12,101,Deferred from CS
Accepted,"Mathematics, Honours, Co-operative Program",96.5 - 97,May 10th 2021,101,
Accepted,Mathematics/BBA,93,May 10,101,B:l
Accepted,Mathematics/BBA,96.3-96.7,May 10,101,"Only did Euclid (69), above AIF"
Accepted,Mathematics/BBA,96.5,"May 10, 2021",101,
Accepted,Mathematics/BBA,96.2,May 10,101,"Intl' student living in ON, Above avg AIF, only 1 math contest (69 on Euclid)"
Accepted,Mathematics/BBA,96,May 10,101,got less than 30 on Euclid üò≥
Accepted,Mathematics/BBA,95.33,May 10,101,Extracurriculars went hard
Accepted,Mathematics/BBA,95.3,May 10th,101,
Accepted,Mathematics/CPA,96,"May 10, 2020",101,
Accepted,Mathematics/CPA,92.8 or 91.7,may 10th,101,took summer school English and had a 17% increase from grade 11
Accepted,Mathematics/Financial Analysis Risk Management,98.4,May 3,105D,
Accepted,Mathematics/Financial Analysis Risk Management,94.5,March 9th,,
Accepted,Mathematics/Financial Analysis Risk Management,CBSE (89-92),March 5 (Updated on March 19),105 AIF compulsory,
Accepted,Mechanical Engineering,95.8,May 7,101,XD
Accepted,Mechanical Engineering,98,March 29,101,
Accepted,Mechanical Engineering,3.8/5.0 GPA,March 30,105 US,
Accepted,Mechanical Engineering,97.3,March 26,105 Applicant,
Accepted,Mechanical Engineering,94.4,March 26,BC resident,
Accepted,Mechanical Engineering,95,March 29,101,
Accepted,Mechanical Engineering,96,March 29th,101,
Accepted,Mechanical Engineering,93-94,March 29,101,
Accepted,Mechanical Engineering,97,March 29,105,AB
Accepted,Mechanical Engineering,96,March 29,101 Applicant,
Accepted,Mechanical Engineering,95.3,March 29,101,IB
Accepted,Mechanical Engineering,96.2,March 29,101,Normal adjust and IB
Accepted,Mechanical Engineering,94,March 29,101,12.3 adjust
Accepted,Mechanical Engineering,like a 3.7 GPA,March 29,105-US,
Accepted,Mechanical Engineering,97,March 29th,101 Applicant,
Accepted,Mechanical Engineering,97.2 (CBSE),March 30,105 India,
Accepted,Mechanical Engineering,97,March 29th,101,Online English
Accepted,Mechanical Engineering,91.5,March 29th 2020,105 applicant NS,
Accepted,Mechanical Engineering,97,March 29th,105,
Accepted,Mechanical Engineering,91,May 7th,101,
Accepted,Mechanical Engineering,95,May 7,101,Avg adjustment
Accepted,Mechanical Engineering,95ish,May 7,101,
Accepted,Mechanical Engineering,96.6,March 29th 2021,101,
Accepted,Mechanical Engineering,"~96,","April 20th 2021,","105,",requested early decision / IB application
Rejected,Mechanical Engineering,92.6,May 13,105D,
Accepted,Mechatronics,93,5/7/2021,101,
Rejected,Mechatronics,96.4 (5/6 Top 6),May 13/21,101,f
Rejected,Mechatronics Eng,94.5,"May 13, 2021",101,"Decent AIF, FIRST 2nd in Nationals"
Accepted,Mechatronics Engineering,99,March 29,101,
Accepted,Mechatronics Engineering,95,March 30,101,
Accepted,Mechatronics Engineering,98.8,March 29,101,
Accepted,Mechatronics Engineering,97,March 29th,105 Alberta,
Accepted,Mechatronics Engineering,95,March 29th,101,
Accepted,Mechatronics Engineering,98,March 29,101 app,
Accepted,Mechatronics Engineering,~97,March 29,105 PE system VISA student,
Accepted,Mechatronics Engineering,96.6,March 29,105,
Accepted,Mechatronics Engineering,97,5/7/2021,101,
Accepted,Mechatronics Engineering,90,"May 7th, 2021",101,11.6 adj factor
Accepted,Mechatronics Engineering,97,March 26,105 Applicant,
Accepted,Mechatronics Engineering,97,March 29,101 Applicant,
Accepted,Mechatronics Engineering,95,March 29,101 Applicant with 12.4 adj,
Accepted,Mechatronics Engineering,95,Date March 29,101,
Accepted,Mechatronics Engineering,97.5,March 29,101,250 Volunteer Hours
Accepted,Mechatronics Engineering,96.7,March 29,101,Average Adjust
Accepted,Mechatronics Engineering,95,March 29,101,Average Adjust/Average AIF
Accepted,Mechatronics Engineering,96,March 29,101,12.4 Adjust
Accepted,Mechatronics Engineering,95,Date March 29,101,Average Adjust/Average AIF
Accepted,Mechatronics Engineering,97.2,Mar 29,101,
Accepted,Mechatronics Engineering,95.8,March 29,101,Average Adjust
Accepted,Mechatronics Engineering,~95,Mar 29,101,
Accepted,Mechatronics Engineering,~96,Mar 29,101,
Accepted,Mechatronics Engineering,~97.6,Mar 29,101,
Accepted,Mechatronics Engineering,97.5,March 29,101 applicant,
Accepted,Mechatronics Engineering,97.5,March 29,,~80 volunteer hours
Accepted,Mechatronics Engineering,98,March 27,105 applicant,
Accepted,Mechatronics Engineering,95,March 29,101 Applicant + 13 adj,
Accepted,Mechatronics Engineering,98,April 20,105,"Applied for early decision, avg ECs"
Accepted,Mechatronics Engineering,98.2,March 29,101,
Accepted,Mechatronics Engineering,94,may 7th,101,12.5 adj
Accepted,Mechatronics Engineering,95.2,May 7th,101,12.5 adj
Accepted,Mechatronics Engineering,95.83,May 7,101,Regular Adjustment
Accepted,Mechatronics Engineering,95.6,March 30,101,
Accepted,Mechatronics Engineering,94,may 7th,101,12.5 adj
Accepted,Mechatronics Engineering,~97.x,Mar 29,101 Applicant,estimated AIF score of around 3 and 2 meaningful awards
Accepted,Mechatronics Engineering,98.3,Mar 29,101 Applicant,
Accepted,Mechatronics Engineering,99,March 26,,
Accepted,Mechatronics Engineering,Predicted 4A*s,March 30,105,A Levels
Accepted,Mechatronics Engineering,95,March 29,101,
Accepted,Mechatronics Engineering,97.25,March 30,105D,
Deferred,Nano,96.3,May 7,101,"Deferred from BME, good ecs and avg adj"
Deferred,Nano,88.8,May 7,101,"Deferred from Mechanical Engineering, 11.6 adj"
Accepted,Nano,96.3,May 7,101,
Accepted,Nano,90-93,March 30,101,
Deferred,Nanotechnology Engineering,87.5,"May 7th,2021",101,"deferred from management eng lol, conditions a little high here"
Deferred,Physical Science,93.5,May 13th,101,Deferred from Tron.....
Accepted,Physical Sciences,90-94 (IB 38),Feb 11,105,
Accepted,Physical Sciences,96-97,"March 4, 2021",101,
Accepted,Physical Sciences,94.5,December 17,,
Accepted,Physical Sciences,95.2,December 17,,(no aif)
Accepted,Physical Sciences,90,Feb 6th 2021,105,
Accepted,Physical Sciences,95.3,Dec 17th,,
Accepted,Physical Sciences,92,December 17,,
Accepted,Physical Sciences,94,December 17,,
Accepted,Physical Sciences,90,Feb 5,,(no aif)
Deferred,Physical Sciences,93.5,May 13th,101,Deferred from Mechatronics Engineering ....
Accepted,Physics,90-94 (IB 38),Feb 11,105,with aif
Accepted,Physics,90-94.9,Feb 3,105,no aif
Accepted,Physics,97,Febuary 5,,
Deferred,Planning,99.2,April 28th,101,2 gold 1 silver in arch comps. but portfolio wasn't cracked enough ig (deferred from architecture)<:lipbite:839877133710917692>
Accepted,Planning (Coop),97,December 16,101,
Accepted,Planning co-op,92,Accepted March 4th,101,Submitted aif late december
Accepted,Planning Co-op,95.4,Feb 6th 2021,,
Accepted,Recreation and leisure study,95,Feb5th.,,
Accepted,Science,92,December 17,,"(ENG4U: 80%, ENG3U: 88%, SBI4U: 94%, SBI3U: 95%, SPH3U: 99%, SCH3U: 91%, MCR3U: 90%, 3M Music: 93%, 3M Accounting: 93%)"
Rejected,Software Engineering,98,"May 13, 2021",101,two in a day :))) should've cured covid ig
Rejected,Software Engineering,96.2,May 13,101,"summer english, SHAD, 2 student council, 3 clubs, one hackathon organizer, lifeguard. (92 euclid 53 CSMC CS i am waiting üëÄ)"
Rejected,Software Engineering,93.5 + (11.4 adj),"May 12, 2021",101,screw 225
Rejected,Software Engineering,98.8,May 13,101,"got accepted to cs, ggwp"
Rejected,Software Engineering,A* A* A*,13th May,105D,
Rejected,Software Engineering,96.1 (99.9 relative avg),5/13/2021,101,adjust of 12.2. ECs were kinda lackluster and interview was avg
Rejected,Software Engineering,99.63,Today,101,"Got in March, but deciding to pursue UofT Engsci, thanks everyone for everything and good luck üëç"
Rejected,Software Engineering,98,May 13,101,return to monke
Rejected,Software Engineering,94,May 13,101,11.8 adj
Rejected,Software Engineering,99,May 13,101,got cs tho üòé
Accepted,Software Engineering,98.5,March Round,101,Commited to cfm
Accepted,Software Engineering,98,"April 20, 2021",105,Asked for early decision
Accepted,Software Engineering,96-97ish,March 26,,IB so low adjustment
Accepted,Software Engineering,99+,March 29,,
Accepted,Software Engineering,100,March 29,105 alberta,
Accepted,Software Engineering,98.1,March 29,101 applicant,
Accepted,Software Engineering,96.89,March 29,101,
Accepted,Software Engineering,97.5,April 20,101,
Accepted,Software Engineering,94.2,"April 19th, 2021",105D,
Accepted,Software Engineering,99,May 7,101,"after all the emotional abuse, daddy finally let me in..."
Accepted,Software Engineering,"97,accepted_date:April 20","20th April,",105,"A-LEVELS, average EC's,"
Accepted,Software Engineering,98.8,March 29th,101,
Accepted,Software Engineering,99,March 29,101,
Accepted,Software Engineering,99,March 29,101,
Accepted,Software Engineering,top 6: 94,idk i just checked today,105,
Accepted,Software Engineering,98~99,March 26,105 international,
Accepted,Software Engineering,98.3,March 26,105 BC applicant,
Accepted,Software Engineering,93,BC applicant,,
Accepted,Software Engineering,98.8,March 29,,
Accepted,Software Engineering,99.8,March 29,101,
Accepted,Software Engineering,96,March 29,101,
Accepted,Software Engineering,93.8,March 29,101 avg adjust,
Accepted,Software Engineering,98,March 29,101 Applicant,
Accepted,Software Engineering,98,March 29,101,13.9 adj + interview and aif submitted mid feb
Accepted,Software Engineering,98,March 29,,normal adj
Accepted,Software Engineering,97.17,March 29,101,17.9% adjustment factor + good AIF submitted on deadline (interview day before)
Accepted,Software Engineering,98,March 29,101,13.9% adjustment factor + 250 volunteer hours and decent AIF/Interview
Accepted,Software Engineering,97,March 29,101 Applicant,
Accepted,Software Engineering,~98,March 29,101 Applicant,
Accepted,Software Engineering,97.8,March 29,105 Applicant,
Accepted,Software Engineering,~95,Mar 29,101 Applicant,
Accepted,Software Engineering,100,March 29th,,
Accepted,Software Engineering,100,March 29th,,
Accepted,Software Engineering,98,Mar 29,101 applicant,
Accepted,Software Engineering,97.6,March 29,105 (Alberta),Strong ECs. Put top 5; If they used top 6 it would be 98.
Accepted,Software Engineering,97.33,March 29,101,
Accepted,Software Engineering,98.6 (CBSE),March 30,105 - India,
Accepted,Software Engineering,99.1,March 30 - 101 Applicant,,
Accepted,Software Engineering,91,March 30,105 Quebec CEGEP,
Accepted,Software Engineering,97,March 30,105 Applicant,
Accepted,Software Engineering,97.8,March 29th,105 (Alberta),Dame Time + Mamba Mentality
Accepted,Software Engineering,99-100,March 29,101 Applicant,Significant Extra Curriculars
Accepted,Software Engineering,97.8,April 20,101,"provincial avg adj, used to be 13"
Accepted,Software Engineering,97,April 20,none,got early consideration
Accepted,Software Engineering,98.2 CBSE,April 20,105,
Accepted,Software Engineering,98.3 (9.2 2020 Adjustment),"May 7, 2021",101,
Accepted,Software Engineering,97.8,5/7/2021,101,
Accepted,Software Engineering,99.2,May 7,101,avg adjustment
Accepted,Software Engineering,93,March 30,105,
Accepted,Software Engineering,94,March 30,105,
Accepted,Software Engineering,99.7,March 30,,
Accepted,Software Engineering,97,May 7,101,
Accepted,Software Engineering,97,March 30,105F,
Accepted,Software Engineering,97.5,April 20,101,
Accepted,Software Engineering,99.5,03/29/2021,101,
Accepted,Software Engineering,99.5,"March 29, 2021",101,
Rejected,Software Engineering,99,5/13/2021,101,.
Rejected,Software Engineering,98.5,"May 13, 2021",101,
Rejected,software engineering,97.33,May 13,101,
Rejected,Software Engineering,95.33,May 13,101,"10.8 2020 adj, didn't get Management Engineering alt. To Grade 11: if your avg is above 96, focus more on ECs than academics"
Rejected,Software Engineering,97.7,May 13,101,gg
Rejected,Software Engineering,98.7,May 13,101,12.5 adj :(
Accepted,Software Engineering,"98, 98, 97, 93 when i got in, still had calc and eng left",March 29,101,AIF was strong towards engineering and interview was decent
Rejected,Software Engineering,93,May 13th 2021,105D,Who else is ready to get rejected from CS???
Rejected,Software Engineering,98,13,101,
Rejected,Software Engineering,92.5,"May 13, 2021",101,in hindsight i should've applied to a different program LMAO üòÇ
Accepted,Software Engineering,88.4,"May 13, 2021",101,68 on the CCC Really Helped... Not High School English
Accepted,Software Engineering,91,May 6,105D,
Accepted,Software Engineering,91,May 6,105D,cegep
Accepted,SYDE,98.2,May 7th,101,
Rejected,SYDE,96.5,May 13,101,"Hackathon Organizer, 4 tech jobs, DECA ICDC 5th place, 2 varsity sports w/ regional awards, misc. tech fellowships and conference speaking <:pain:775493439340675072>"
Accepted,SYDE,96.6,May 7,101,"Good ECs, normal adj"
Accepted,Systems Design Engineering,94.3,May 7,101,
Accepted,Systems Design Engineering,98,May 7,101,cool
Accepted,Systems Design Engineering,A*AA(a level predicted),Marcch 29,105 International,
Accepted,Systems Design Engineering,96,May 7,101,
Accepted,Systems Design Engineering,94.7,March 29th,101,~10 Adjustment
Accepted,Systems Design Engineering,~95,Mar 29,,~13 Adjustment
Accepted,Systems Design Engineering,97.3,March 26,105 applicant,
Accepted,Systems Design Engineering,92,March 29,101,16.1 Adjustmnet
Accepted,Systems Design Engineering,95.3,March 29,101,Sub 12 Adjustment
Accepted,Systems Design Engineering,98.5,March 29,101,Normal Adjustmen
Accepted,Systems Design Engineering,96,March 26th,105 BC International,
Accepted,Systems Design Engineering,93,March 30,105F,ISC
Accepted,Systems Design Engineering,92.6,March 29,101 applicant,
Accepted,Systems Design Engineering,95.5,"May 9th, 2021",101,avg. adjustment
Accepted,Systems Design Engineering,97.3,April20,101,asked of early consideration
Accepted,Systems Design Engineering,97,May 7 2021,101,
Accepted,Systems Design Engineering,93.6,March 29,101,
Accepted,Systems Design Engineering,96.7,"May 7, 2021",101,
Accepted,Systems Design Engineering,96.8,2021/05/07,101,
Accepted,Systems Design Engineering,97,May 7,101,
Accepted,Systems Design Engineering,95,May 10th 2021,105D,VEX robotics captain
Accepted,Systems Design Engineering,95.8,May 7,101,
Accepted,Systems Design Engineering,96,March 29th,101,forgot to add these
Accepted,Systems Design Engineering,97.3,03/29/2021,101,
Rejected,Computer Science,99,14/5/2021,101,fuck waterloo
Rejected,Computer Science,3.8UW GPA,May 14,105D,"uhhh, didn't do testing because i didn't have access. estimated average 92ish, very good ecs/aif but limited hooks for this program"
Rejected,Mathematics,92,May 14,101,Lol
Rejected,CS/BBA,99,14/5/2021,101,FUCK WATERLOO AGAIN
Rejected,CS/BBA,95,March 14,101,Expected
Rejected,CS/BBA,94.7,May 14,101,Still got CS Co-opüòé
Rejected,cs and cfm,99,May 14,105D,rejected from both
Rejected,Computer Science,89.67,May 14,101,I didn't think I had a chance either way
Rejected,cs/bba,96,May 14,101,its been a geomatics bloodbath ü§°
Accepted,Mechatronics Engineering,96.33,March 29,101,
Rejected,Computing and Financial Management,97,"May 14, 2021",101,"Expected, didn't mention CFM once on AIF üòé"
Rejected,Computer Science,92,05/14/21,101,
Rejected,Mathematics,96.5,May 14th,101,"99 AF, 98 Calc. HUH???"
Rejected,CFM,92,05/14,101,
Rejected,Computer Science,98.4,May 13,105D,"1580 SAT, pretty good ECs, class rank 3/1000"
Deferred,Computer Science,97,May 13th,101,"76 Euclid, English dragging avg. down"
Rejected,CFM,89-95(CBSE),14 May,105F,
Rejected,Software Engineering,98.3,13/05,101,
Accepted,Computer Science,99.2,10/05,101,
Rejected,Computer Science,95(cbse),14/05/21,105F,Idk what to say...rejected from my dream program
Rejected,SOftware Engineering,99,May 13,101,.
Rejected,Math/CPA,92,May 14,101,"Did garbage on Euclid, already accepted AFM"
Rejected,Computer Science,94,14th May,101,
Rejected,Computer Science,96.8,May 14,105D,"‚Äùreach‚Äù application, i didnt have any coding experience, im surprised I got into ce"
Accepted,Computer Engineering,97.5,March 26,105D,
Rejected,Computer Science,97.5,May 14,105D,
Rejected,Computer Science,95.2,May 14,101,"okay ec's, meh contest scores, not surprised I didn't get an offer."
Deferred,Computer Science,98,March 13th,101,Geomatics
Rejected,Computer Science,IB 41,14-05-2021,105F,"Applied from Singapore. I think with conversions my avg was a 96-98, considering my exams are from May 2019."
Rejected,Computer Science,98.8,5/14,105F,Congrats to those accepted guys!
Accepted,Computer Science,97,Sometime in April,101,DM me for extra info
Accepted,Math,98.8,5/12,105F,"I hope this""math"" word can reduced to that two words program...."
Rejected,Computer Science,97.3,May 14,105D,pain peko
Accepted,Software Engineering,92 QC,"March 29, 2021",105D,Quebec Pre-U
Accepted,SYDE,97.5,End of march,101,
Accepted,Computer Science,98ish,May 11,105D,.
Accepted,Computer Science,97,May 11,101,
Accepted,Computer Science,97.33,May 10,101,IB
Accepted,Mathematics Co-op,97.2,May 10,101,
Accepted,Honours Mathematics (Co-op),94.8,March 10th,101,
Accepted,Software Engineering,95,April 20th 2021,105F,My average sucks due to fucking up english
Accepted,CS/BBA and CS,98,May 10,101,
Accepted,Mathematics,93.67,5/15,105F,
Accepted,Mathematics,96.5,may 10th,101,
Accepted,enviromental science,idk,April 16th,105D,
Accepted,CFM,95,"March 11, 2021",101,
Accepted,Computer Science,92,May 11,105D,"CEGEP diff, got SE too, average aif"
Deferred,Electrical engineering,92,15 May,101,
Rejected,SE,97,May 13,101,
Rejected,Computer Science,96.7,May 14,101,"SHAD, 3 CEMC Honour Roll (92 Euclid), 2 Student Council, 3 Clubs Leader, 1 Hackathon organizer, 8k Math Faculty Scholar, School adj: 11.6."
Accepted,Systems Design Engineering,95 in High School & 90 in UW,May 17,105D,Internal Transfer from Science
Accepted,Computer Engineering,~84.3,March 30,105D,"qc cegep, rejected from cs"
Accepted,Management Engineering,94.5,May 10th,105D,IB predicted 37
Accepted,Physical Science Majoring in Life Physics,88,May 6,101,
Accepted,Civil Engineering,Around 91.5 to 94,May 7th 2021,101,
Accepted,Computer Science,98.2,"May 19, 2021",101,
Accepted,CSBBA,96.5,"May 19,2021",101,"csmc hr, euclid hr, ccc distinction, 2 national awards, other stuff. reconsidered from rejected to now?"
Accepted,CSBBA,98.3,"May 19, 2021",101,
Accepted,Computer Science,98.3,"May 19, 2021",101,Deferred to geomatics but reconsidered because of NBE3U.
Accepted,Computer Science,96.5,"May 19, 2021",101,same as csbba
Accepted,Computer Science,97,05/10/2021,101,Co-op
Accepted,CSBBA,97,05/10/2021,101,
Accepted,AFM,97,idk,101,not going
Accepted,Math/BBA,93.2,May 10,101,
Accepted,AFM,94,May 17th 2021,101,
Accepted,Computer Science,98,May 10,101,co-op
Accepted,Computer Engineering,93,May 10,105D,
Accepted,Honours Math,94.83,05/11/2021,101,